<?xml version="1.0" encoding="UTF-8"?>
<!DOCTYPE mapper
PUBLIC "-//mybatis.org//DTD Mapper 3.0//EN"
"http://mybatis.org/dtd/mybatis-3-mapper.dtd">
 
<mapper namespace = "dev.mvc.member.MemberDAOInter">
  <select id="checkID" resultType="int" parameterType="String">
    SELECT COUNT(id) as cnt
    FROM member
    WHERE id=#{id}
  </select>
  
 <insert id="create" parameterType="dev.mvc.member.MemberVO">
    INSERT INTO member(memberno, id, passwd, mname, tel, zipcode, address1, address2, mdate, grade)
    VALUES (member_seq.nextval, #{id}, #{passwd}, #{mname}, #{tel}, #{zipcode}, 
                 #{address1}, #{address2}, sysdate, #{grade})
  </insert>
  
  <select id="list" resultType="dev.mvc.member.MemberVO">
    SELECT memberno, id, passwd, mname, tel, zipcode, address1, address2, mdate, grade
    FROM member
    ORDER BY memberno ASC
  </select>
  
    <!-- memberno로 회원 정보 조회 -->
  <select id="read" resultType="dev.mvc.member.MemberVO" parameterType="int">
    SELECT memberno, id, passwd, mname, tel, zipcode, address1, address2, mdate, grade
    FROM member
    WHERE memberno = #{memberno}
  </select>  

  <!-- id로 회원 정보 조회 -->
  <select id="readById" resultType="dev.mvc.member.MemberVO" parameterType="String">
    SELECT memberno, id, passwd, mname, tel, zipcode, address1, address2, mdate, grade
    FROM member
    WHERE id = #{id}
  </select>
  
  <update id="update" parameterType="dev.mvc.member.MemberVO">
    UPDATE member 
    SET mname=#{mname}, tel=#{tel}, zipcode=#{zipcode},
          address1=#{address1}, address2=#{address2}
    WHERE memberno=#{memberno}
 </update>
  
</mapper> 