<?xml version="1.0" encoding="UTF-8"?>
 
<!DOCTYPE mapper
PUBLIC "-//mybatis.org//DTD Mapper 3.0//EN"
"http://mybatis.org/dtd/mybatis-3-mapper.dtd">
 
<mapper namespace="dev.mvc.cart.CartDAOInter">

  <insert id="create" parameterType="dev.mvc.cart.CartVO">
    INSERT INTO cart(cartno, contentsno, memberno, cnt, rdate)
    VALUES(cart_seq.nextval, #{contentsno}, #{memberno}, #{cnt}, sysdate)
  </insert> 


  <!-- memberno 회원 번호별 쇼핑카트 목록 출력 -->
  <select id="list_by_memberno" resultType="dev.mvc.cart.CartVO" parameterType="int">
    SELECT t.cartno, c.contentsno, c.title, c.thumb1, c.price, c.dc, c.saleprice, c.point, t.memberno, t.cnt, t.rdate 
    FROM contents c, cart t
    WHERE (c.contentsno = t.contentsno) AND t.memberno = #{memberno}
    ORDER BY cartno ASC
  </select>
  
   <!-- 삭제 처리, id=delete, 입력: PK, 리턴: 삭제된 갯수 int -->
  <delete id="delete" parameterType="int">
    DELETE FROM cart 
    WHERE cartno=#{cartno}
  </delete>
  
    <!-- 수량 수정, id: update, 입력: CartVO, 리턴: int -->
  <update id="update_cnt" parameterType="dev.mvc.cart.CartVO">
    UPDATE cart
    SET cnt=#{cnt}
    WHERE cartno=#{cartno}
  </update>
</mapper>
