<?xml version="1.0" encoding="UTF-8"?>
 
<!DOCTYPE mapper
PUBLIC "-//mybatis.org//DTD Mapper 3.0//EN"
"http://mybatis.org/dtd/mybatis-3-mapper.dtd">
 
<mapper namespace="dev.mvc.contents.ContentsDAOInter"> 
<!--   <insert id="create" parameterType="dev.mvc.contents.ContentsVO">
    INSERT INTO contents(contentsno, adminno, cateno, title, content, passwd, word,
                                     file1, file1saved, thumb1, size1, rdate)
    VALUES(contents_seq.nextval, #{adminno}, #{cateno}, #{title}, #{content}, #{passwd}, #{word},
                #{file1}, #{file1saved}, #{thumb1}, #{size1}, sysdate)
  </insert> -->
  
  <!-- 연속 입력 지원 등록: sequence가 SQL 실행전에 생성되어 ContentsVO에 저장 후 사용 -->
  <insert id="create" parameterType="dev.mvc.contents.ContentsVO">
    <selectKey keyProperty="contentsno" resultType="int" order="BEFORE">
      SELECT contents_seq.nextval FROM dual
    </selectKey>
    
    INSERT INTO contents(contentsno, adminno, cateno, title, content, passwd, word,
                                     file1, file1saved, thumb1, size1, rdate)
    VALUES(#{contentsno}, #{adminno}, #{cateno}, #{title}, #{content}, #{passwd}, #{word},
                #{file1}, #{file1saved}, #{thumb1}, #{size1}, sysdate)
  </insert>
  
<!-- 일반적인 조회 -->
  <select id="read" resultType="dev.mvc.contents.ContentsVO" parameterType="int">
    SELECT contentsno, adminno, cateno, title, content, recom, cnt, replycnt, passwd, word, rdate,
              file1, file1saved, thumb1, size1, price, dc, saleprice, point, salecnt
    FROM contents
    WHERE contentsno = #{contentsno}
  </select>
  
  <!-- 상품 정보 변경 -->
  <update id="product_update" parameterType="dev.mvc.contents.ContentsVO">
    UPDATE contents
    SET price=#{price}, dc=#{dc}, saleprice=#{saleprice}, point=#{point}, salecnt=#{salecnt}
    WHERE contentsno = #{contentsno}
  </update> 
  <!-- 특정 카테고리의 등록된 글 목록 -->
  <select id="list_by_cateno" resultType="dev.mvc.contents.ContentsVO" parameterType="int">
    SELECT contentsno, adminno, cateno, title, content, recom, cnt, replycnt, rdate,
              file1, file1saved, thumb1, size1, price, dc, saleprice, point
    FROM contents 
    WHERE cateno = #{cateno}
    ORDER BY contentsno DESC
  </select>          
</mapper> 