<?xml version="1.0" encoding="UTF-8"?>

<!DOCTYPE mapper
PUBLIC "-//mybatis.org//DTD Mapper 3.0//EN"
"http://mybatis.org/dtd/mybatis-3-mapper.dtd">
 
<mapper namespace="dev.mvc.memo.MemoDAOInter"> 
  <!-- 연속 입력 지원 등록: sequence가 SQL 실행전에 생성되어 MemoVO에 저장 후 사용 -->
  <insert id="create" parameterType="dev.mvc.memo.MemoVO">
    <selectKey keyProperty="memono" resultType="int" order="BEFORE">
      SELECT memo_seq.nextval FROM dual
    </selectKey>
     
    INSERT INTO memo(memono, title, content, file1, file1saved, thumb1, size1, sw, rdate)
    VALUES(#{memono}, #{title}, #{content}, #{file1}, #{file1saved}, #{thumb1}, #{size1},
                #{sw}, sysdate)
  </insert>
  
  <!-- 일반적인 조회 -->
  <select id="read" resultType="dev.mvc.memo.MemoVO" parameterType="int">
    SELECT memono, title, content, file1, file1saved, thumb1, size1, sw, rdate
    FROM memo
    WHERE memono = #{memono}
  </select>      
  
  <!-- 카테고리별 검색 레코드 갯수 -->
  <select id="search_count" resultType="int" parameterType="HashMap">
    SELECT COUNT(*) as cnt
    FROM memo
    <choose>
      <when test="word == null or word == ''"> <!-- 검색하지 않는 경우의 레코드 갯수 -->
      </when>
      <otherwise> <!-- 검색하는 경우의 레코드 갯수 -->
        WHERE title LIKE '%' || #{word} || '%' OR content LIKE '%' || #{word} || '%'
      </otherwise>
    </choose>
  </select>    
  
    <!-- 카테고리별 검색 목록 + 페이징 + 메인 이미지 -->   
  <select id="list" resultType="dev.mvc.memo.MemoVO" parameterType="HashMap">
   SELECT memono, title, content, file1, file1saved, thumb1, size1, sw, rdate, r
   FROM (
              SELECT memono, title, content, file1, file1saved, thumb1, size1, sw, rdate, rownum as r
              FROM (
                        SELECT memono, title, content, file1, file1saved, thumb1, size1, sw, rdate
                        FROM memo
                        <choose>
                          <when test="word == null or word == ''"> <!-- 검색하지 않는 경우 -->
                          </when>
                          <otherwise>
                            WHERE title LIKE '%' || #{word} || '%' OR content LIKE '%' || #{word} || '%'
                          </otherwise>
                        </choose>
                        ORDER BY memono DESC
               )
    )
    WHERE <![CDATA[ r >= #{start_num} AND r <= #{end_num} ]]>
     
<!--  1 page: WHERE r >= 1 AND r <= 10; 
       2 page: WHERE r >= 11 AND r <= 20;
       3 page: WHERE r >= 21 AND r <= 30; -->
     
  </select> 
  
      <!-- 텍스트 수정 -->
  <update id="update_text" parameterType="dev.mvc.memo.MemoVO">
    UPDATE memo
    SET title=#{title}, content=#{content}, sw=#{sw}
    WHERE memono = #{memono}
  </update>
  
    <!-- 파일 수정 -->
  <update id="update_file" parameterType="dev.mvc.memo.MemoVO">
    UPDATE memo
    SET file1=#{file1}, file1saved=#{file1saved}, thumb1=#{thumb1}, size1=#{size1}
    WHERE memono = #{memono}
  </update>
  
  <delete id="delete" parameterType="int">
    DELETE FROM memo
    WHERE memono=#{memono}
  </delete>
  
    <!-- Sw 수정, id: update_sw, 입력: MemoVO, 리턴: int -->
<!--   <update id="update_sw" parameterType="dev.mvc.memo.MemoVO">
    UPDATE memo
    SET sw=#{sw}
    WHERE memono = #{memono}
  </update> -->
  
</mapper>