<?xml version="1.0" encoding="UTF-8"?>
 
<!DOCTYPE mapper
PUBLIC "-//mybatis.org//DTD Mapper 3.0//EN"
"http://mybatis.org/dtd/mybatis-3-mapper.dtd">
 
<mapper namespace="dev.mvc.burlgrp.BurlgrpDAOInter"> 
  <!-- 등록, 입력: BurlgrpVO, 리턴: 등록된 레코드 갯수  -->
  <insert id="create" parameterType="dev.mvc.burlgrp.BurlgrpVO">
    INSERT INTO urlgrp(urlgrpno, title, cnt, visible, rdate)
    VALUES(burlgrp_seq.nextval, #{title}, #{cnt}, #{visible}, sysdate)
  </insert>
 <!-- 
  레코드 갯수 만큼 BurlgrpVO 객체를 만들어 ArrayList에 저장하여 리턴,
  List<BurlgrpVO> list = new ArrayList<BurlgrpVO>(); 
  -->
 <select id="list_urlgrpno_asc" resultType="dev.mvc.burlgrp.BurlgrpVO">
    SELECT  urlgrpno, title, cnt, visible, rdate
    FROM urlgrp
    ORDER BY urlgrpno ASC
  </select>

<!-- 조회, id: read, 입력: urlgrpno, 리턴: CategrpVO -->
  <select id="read" resultType="dev.mvc.burlgrp.BurlgrpVO" parameterType="int">
    SELECT  urlgrpno, title, cnt, visible, rdate
    FROM urlgrp
    WHERE urlgrpno=#{urlgrpno}
  </select>
  
  <!-- 수정, id: update, 입력: CategrpVO, 리턴: int -->
  <update id="update" parameterType="dev.mvc.burlgrp.BurlgrpVO">
    UPDATE urlgrp
    SET title=#{title}, cnt=#{cnt}, visible=#{visible}
    WHERE urlgrpno = #{urlgrpno}
  </update>
  
  <!-- 삭제 처리, id=delete, 입력: PK, 리턴: 삭제된 갯수 int -->
  <delete id="delete" parameterType="int">
    DELETE FROM urlgrp
    WHERE urlgrpno=#{urlgrpno}
  </delete>
  
  <!-- Visible 수정, id: update_visible, 입력: CategrpVO, 리턴: int -->
  <update id="update_visible" parameterType="dev.mvc.burlgrp.BurlgrpVO">
    UPDATE urlgrp
    SET visible=#{visible}
    WHERE urlgrpno = #{urlgrpno}
  </update>
</mapper> 