<?xml version="1.0" encoding="UTF-8"?>
 
<!DOCTYPE mapper
PUBLIC "-//mybatis.org//DTD Mapper 3.0//EN"
"http://mybatis.org/dtd/mybatis-3-mapper.dtd">
 
<mapper namespace="dev.mvc.bytgrp.YtgrpDAOInter"> 
  <!-- 등록, 입력: YtgrpVO, 리턴: 등록된 레코드 갯수  -->
  <insert id="create" parameterType="dev.mvc.bytgrp.YtgrpVO">
    INSERT INTO ytgrp(ytgrpno, title, cnt, visible, rdate)
    VALUES(ytgrp_seq.nextval, #{title}, #{cnt}, #{visible}, sysdate)
  </insert>
 <!-- 
  레코드 갯수 만큼 YtgrpVO 객체를 만들어 ArrayList에 저장하여 리턴,
  List<YtgrpVO> list = new ArrayList<YtgrpVO>(); 
  -->
 <select id="list_ytgrpno_asc" resultType="dev.mvc.bytgrp.YtgrpVO">
    SELECT  ytgrpno, title, cnt, visible, rdate
    FROM ytgrp
    ORDER BY ytgrpno ASC
  </select>

<!-- 조회, id: read, 입력: ytgrpno, 리턴: CategrpVO -->
  <select id="read" resultType="dev.mvc.bytgrp.YtgrpVO" parameterType="int">
    SELECT  ytgrpno, title, cnt, visible, rdate
    FROM ytgrp
    WHERE ytgrpno=#{ytgrpno}
  </select>
  
  <!-- 수정, id: update, 입력: YtgrpVO, 리턴: int -->
  <update id="update" parameterType="dev.mvc.bytgrp.YtgrpVO">
    UPDATE ytgrp
    SET title=#{title}, cnt=#{cnt}, visible=#{visible}
    WHERE ytgrpno = #{ytgrpno}
  </update>
  
  <!-- 삭제 처리, id=delete, 입력: PK, 리턴: 삭제된 갯수 int -->
  <delete id="delete" parameterType="int">
    DELETE FROM ytgrp
    WHERE ytgrpno=#{ytgrpno}
  </delete>
  
  <!-- Visible 수정, id: update_visible, 입력: YtgrpVO, 리턴: int -->
  <update id="update_visible" parameterType="dev.mvc.bytgrp.YtgrpVO">
    UPDATE ytgrp
    SET visible=#{visible}
    WHERE ytgrpno = #{ytgrpno}
  </update>
</mapper> 