<?xml version="1.0" encoding="UTF-8"?>
 
<!DOCTYPE mapper
PUBLIC "-//mybatis.org//DTD Mapper 3.0//EN"
"http://mybatis.org/dtd/mybatis-3-mapper.dtd">
 
<!-- dev.mvc.bcate.CateDAOInter 패키지에 등록된 interface 명시,
      패키지명과 인터페이스명은 실제로 존재해야함,
      Spring이 내부적으로 자동으로 interface를 구현해줌. -->
<mapper namespace="dev.mvc.bcate.BcateDAOInter">
  <!-- 
  insert: INSERT SQL 실행
  id: Spring에서 호출시 사용
  parameterType: 전달받는 데이터 객체의 타입
  return: 등록한 레코드 갯수 리턴
  SQL선언시 ';'은 삭제
  #{name}: public String getName() 자동 호출
   --> 
  <insert id="create" parameterType="dev.mvc.bcate.BcateVO">
    INSERT INTO bcate(bcateno, bcategrpno, name, rdate, cnt)
    VALUES(bcate_seq.nextval, #{bcategrpno}, #{name}, sysdate, 0)
  </insert> 
  
  <!-- 
  전체 목록
  레코드 갯수 만큼 BcateVO 객체를 만들어 ArrayList에 저장하여 리턴,
  List<BcateVO> list = new ArrayList<BcateVO>(); 
  -->
  <select id="list_all" resultType="dev.mvc.bcate.BcateVO">
    SELECT bcateno, bcategrpno, name, rdate, cnt
    FROM bcate
    ORDER BY bcateno ASC
  </select>
  <!-- 카테고리 그룹별 목록 -->
  <select id="list_by_categrpno" resultType="dev.mvc.bcate.BcateVO" parameterType="int">
    SELECT bcateno, bcategrpno, name, rdate, cnt
    FROM bcate
    WHERE bcategrpno = #{bcategrpno}
    ORDER BY bcateno ASC
  </select>
  
  <!-- Bcategrp + Bcate join, 연결 목록 -->
  <select id="list_all_join" resultType="dev.mvc.bcate.Bcategrp_BcateVO">
    SELECT r.bcategrpno as r_bcategrpno, r.name as r_name,
               c.bcateno, c.bcategrpno, c.name, c.rdate, c.cnt
    FROM bcategrp r, bcate c
    WHERE r.bcategrpno = c.bcategrpno
    ORDER BY bcategrpno ASC, bcateno ASC
  </select>
  
  <!-- 조회, id: read, 입력: cateno, 리턴: CateVO -->
  <select id="read" resultType="dev.mvc.bcate.BcateVO" parameterType="int">
    SELECT bcateno, bcategrpno, name, rdate, cnt
    FROM bcate
    WHERE bcateno=#{bcateno}
  </select>  
  
  <update id="update" parameterType="dev.mvc.bcate.BcateVO">
    UPDATE bcate
    SET bcategrpno=#{bcategrpno}, name=#{name}, cnt=#{cnt}
    WHERE bcateno = #{bcateno}
  </update>
  
   <!-- 삭제, return: int -->
  <delete id="delete" parameterType="int">
    DELETE FROM bcate
    WHERE bcateno = #{bcateno}
  </delete>   
</mapper>