<?xml version="1.0" encoding="UTF-8"?>
 
<!DOCTYPE mapper
PUBLIC "-//mybatis.org//DTD Mapper 3.0//EN"
"http://mybatis.org/dtd/mybatis-3-mapper.dtd">
 
<mapper namespace="dev.mvc.bcontents.BcontentsDAOInter"> 
<!--   <insert id="create" parameterType="dev.mvc.bcontents.BcontentsVO">
    INSERT INTO bcontents(bcontentsno, adminno, bcateno, title, content, passwd, word,
                                     file1, file1saved, thumb1, size1, rdate)
    VALUES(bcontents_seq.nextval, #{adminno}, #{bcateno}, #{title}, #{content}, #{passwd}, #{word},
                #{file1}, #{file1saved}, #{thumb1}, #{size1}, sysdate)
  </insert> -->
  
  <!-- 연속 입력 지원 등록: sequence가 SQL 실행전에 생성되어 BcontentsVO에 저장 후 사용 -->
  <insert id="create" parameterType="dev.mvc.bcontents.BcontentsVO">
    <selectKey keyProperty="bcontentsno" resultType="int" order="BEFORE">
      SELECT bcontents_seq.nextval FROM dual
    </selectKey>
    
    INSERT INTO bcontents(bcontentsno, adminno, bcateno, title, content, passwd, word,
                                     file1, file1saved, thumb1, size1, rdate)
    VALUES(#{bcontentsno}, #{adminno}, #{bcateno}, #{title}, #{content}, #{passwd}, #{word},
                #{file1}, #{file1saved}, #{thumb1}, #{size1}, sysdate)
  </insert>

     <!-- 일반적인 조회 -->
  <select id="read" resultType="dev.mvc.bcontents.BcontentsVO" parameterType="int">
    SELECT bcontentsno, adminno, bcateno, title, content, recom, cnt, replycnt, passwd, word, rdate,
              file1, file1saved, thumb1, size1, price, dc, saleprice, point, salecnt
    FROM bcontents
    WHERE bcontentsno = #{bcontentsno}
  </select>      
  
    <!-- 상품 정보 변경 -->
  <update id="product_update" parameterType="dev.mvc.bcontents.BcontentsVO">
    UPDATE bcontents
    SET price=#{price}, dc=#{dc}, saleprice=#{saleprice}, point=#{point}, salecnt=#{salecnt}
    WHERE bcontentsno = #{bcontentsno}
  </update> 
  
  <!-- 특정 카테고리의 등록된 글목록 -->
  <select id="list_by_cateno" resultType="dev.mvc.bcontents.BcontentsVO" parameterType="int">
    SELECT bcontentsno, adminno, bcateno, title, content, recom, cnt, replycnt, rdate,
              file1, file1saved, thumb1, size1, price, dc, saleprice, point
    FROM bcontents 
    WHERE bcateno = #{bcateno}
    ORDER BY bcontentsno DESC
  </select> 
  
   <!-- 카테고리별 검색 목록 -->
  <select id="list_by_cateno_search" resultType="dev.mvc.bcontents.BcontentsVO" 
             parameterType="HashMap">
    SELECT bcontentsno, adminno, bcateno, title, content, recom, cnt, replycnt, rdate,
            file1, file1saved, thumb1, size1, price, dc, saleprice, point
    FROM bcontents
    <choose>
      <when test="word == null or word == ''"> <!-- 검색하지 않는 경우 -->
        WHERE bcateno=#{bcateno}
      </when>
      <otherwise> <!-- 검색하는 경우 -->
        WHERE bcateno=#{bcateno} AND (title LIKE '%' || #{word} || '%' 
                                                     OR content LIKE '%' || #{word} || '%' 
                                                     OR word LIKE '%' || #{word} || '%')
      </otherwise>
    </choose>
    ORDER BY bcontentsno DESC   
  </select>
   
  <!-- 카테고리별 검색 레코드 갯수 -->
  <select id="search_count" resultType="int" parameterType="HashMap">
    SELECT COUNT(*) as cnt
    FROM bcontents
    <choose>
      <when test="word == null or word == ''"> <!-- 검색하지 않는 경우의 레코드 갯수 -->
        WHERE bcateno=#{bcateno}
      </when>
      <otherwise> <!-- 검색하는 경우의 레코드 갯수 -->
        WHERE bcateno=#{bcateno} AND (title LIKE '%' || #{word} || '%' 
                                                       OR content LIKE '%' || #{word} || '%' 
                                                       OR word LIKE '%' || #{word} || '%')
      </otherwise>
    </choose>
  </select>    
  
    <!-- 카테고리별 검색 목록 + 페이징 + 메인 이미지 -->   
  <select id="list_by_cateno_search_paging" 
             resultType="dev.mvc.bcontents.BcontentsVO" parameterType="HashMap">
   SELECT bcontentsno, adminno, bcateno, title, content, recom, cnt, replycnt, rdate,
              file1, file1saved, thumb1, size1, price, dc, saleprice, point, r
   FROM (
              SELECT bcontentsno, adminno, bcateno, title, content, recom, cnt, replycnt, rdate,
                         file1, file1saved, thumb1, size1, price, dc, saleprice, point, rownum as r
              FROM (
                        SELECT bcontentsno, adminno, bcateno, title, content, recom, cnt, replycnt, rdate,
                                   file1, file1saved, thumb1, size1, price, dc, saleprice, point
                        FROM bcontents
                        <choose>
                          <when test="word == null or word == ''"> <!-- 검색하지 않는 경우 -->
                             WHERE bcateno=#{bcateno}
                          </when>
                          <otherwise>
                            WHERE bcateno=#{bcateno} AND (title LIKE '%' || #{word} || '%'  <!-- ||: 결합, %첫눈% -->
                                                                  OR content LIKE '%' || #{word} || '%' 
                                                                  OR word LIKE '%' || #{word} || '%')
                          </otherwise>
                        </choose>
                        ORDER BY bcontentsno DESC
               )
    )
    WHERE <![CDATA[ r >= #{start_num} AND r <= #{end_num} ]]>
     
<!--  1 page: WHERE r >= 1 AND r <= 10; 
       2 page: WHERE r >= 11 AND r <= 20;
       3 page: WHERE r >= 21 AND r <= 30; -->
     
  </select> 
    <!-- 패스워드 검사 -->
  <select id="passwd_check" resultType="int" parameterType="HashMap">
    SELECT COUNT(*) as cnt 
    FROM bcontents
    WHERE bcontentsno=#{bcontentsno} AND passwd=#{passwd}
  </select>
  
    <!-- 텍스트 수정 -->
  <update id="update_text" parameterType="dev.mvc.bcontents.BcontentsVO">
    UPDATE bcontents
    SET title=#{title}, content=#{content},  word=#{word}, 
          price=#{price}, dc=#{dc}, saleprice=#{saleprice}, point=#{point}, salecnt=#{salecnt}
    WHERE bcontentsno = #{bcontentsno}
  </update>
  
    <!-- 파일 수정 -->
  <update id="update_file" parameterType="dev.mvc.bcontents.BcontentsVO">
    UPDATE bcontents
    SET file1=#{file1}, file1saved=#{file1saved}, thumb1=#{thumb1}, size1=#{size1}
    WHERE bcontentsno = #{bcontentsno}
  </update>
  
  <delete id="delete" parameterType="int">
    DELETE FROM bcontents
    WHERE bcontentsno=#{bcontentsno}
  </delete>
      <!-- 특정 그룹에 속한 레코드 갯수 산출 -->
  <select id="count_by_bcateno" resultType="int" parameterType="int">
    SELECT COUNT(*) as cnt 
    FROM bcontents 
    WHERE bcateno=#{bcateno}
  </select>
</mapper> 