<?xml version="1.0" encoding="UTF-8"?>
 
<!DOCTYPE mapper
PUBLIC "-//mybatis.org//DTD Mapper 3.0//EN"
"http://mybatis.org/dtd/mybatis-3-mapper.dtd">
 
<!-- dev.mvc.burl.CateDAOInter 패키지에 등록된 interface 명시,
      패키지명과 인터페이스명은 실제로 존재해야함,
      Spring이 내부적으로 자동으로 interface를 구현해줌. -->
<mapper namespace="dev.mvc.burl.UrlDAOInter">
  <!-- 
  insert: INSERT SQL 실행
  id: Spring에서 호출시 사용
  parameterType: 전달받는 데이터 객체의 타입
  return: 등록한 레코드 갯수 리턴
  SQL선언시 ';'은 삭제
  #{name}: VO class의 public String getName() 자동 호출
  #{burlgrpno}: VO class의 public int getUrlgrpno() 자동 호출
   --> 
  <insert id="create" parameterType="dev.mvc.burl.UrlVO">
    INSERT INTO url(urlno,title,url,rdate,urlgrpno)
    VALUES(url_seq.nextval, #{title}, #{url}, sysdate, #{urlgrpno})
  </insert> 
  
  <!-- 
  전체 목록
  레코드 갯수 만큼 CateVO 객체를 만들어 ArrayList에 저장하여 리턴,
  List<CateVO> list = new ArrayList<CateVO>(); 
  -->
  <select id="list_all" resultType="dev.mvc.burl.UrlVO">
    SELECT urlno,title,url,rdate,urlgrpno
    FROM url
    ORDER BY urlno ASC
  </select>
  
    <!-- 카테고리 그룹별 목록 -->
  <select id="list_by_urlgrpno" resultType="dev.mvc.burl.UrlVO" parameterType="int">
    SELECT urlno,title,url,rdate,urlgrpno
    FROM url
    WHERE urlgrpno = #{urlgrpno}
    ORDER BY urlno ASC
  </select>
  
    <!-- Urlgrp + Url join, 연결 목록 -->
  <select id="list_all_join" resultType="dev.mvc.burl.Urlgrp_UrlVO">
    SELECT r.urlgrpno as r_urlgrpno, r.title as r_title,
               c.urlno, c.urlgrpno, c.title,c.url, c.rdate
    FROM urlgrp r, url c
    WHERE r.urlgrpno = c.urlgrpno
    ORDER BY urlgrpno ASC, urlno ASC
  </select>
 
   <!-- 조회, id: read, 입력: urlno, 리턴: UrlVO -->
  <select id="read" resultType="dev.mvc.burl.UrlVO" parameterType="int">
    SELECT urlno,title,url,rdate,urlgrpno
    FROM url
    WHERE urlno=#{urlno}
  </select>  
  
  <update id="update" parameterType="dev.mvc.burl.UrlVO">
    UPDATE url
    SET urlgrpno=#{urlgrpno}, title=#{title}, url=#{url}
    WHERE urlno = #{urlno}
  </update>
  
  <!-- 삭제, return: int -->
  <delete id="delete" parameterType="int">
    DELETE FROM url
    WHERE urlno = #{urlno}
  </delete>   
</mapper>
